{
  "overall": {
    "n": 370,
    "mean": 0.03488056628056628,
    "ci95": [
      0.012977608322608318,
      0.05788240883740884
    ]
  },
  "sdlc": {
    "n": 150,
    "mean": 0.036298952380952376,
    "ci95": [
      -0.008323354497354503,
      0.08350213756613756
    ]
  },
  "org": {
    "n": 220,
    "mean": 0.033913484848484846,
    "ci95": [
      0.01331424242424242,
      0.05709583333333334
    ]
  },
  "by_suite": {
    "csb_org_compliance": {
      "n": 18,
      "mean": 0.015322222222222221,
      "ci95": [
        -0.03528888888888889,
        0.07069444444444442
      ]
    },
    "csb_org_crossorg": {
      "n": 15,
      "mean": 0.02519333333333334,
      "ci95": [
        -0.009408888888888899,
        0.057195555555555555
      ]
    },
    "csb_org_crossrepo": {
      "n": 14,
      "mean": -0.02416428571428573,
      "ci95": [
        -0.05576904761904764,
        0.007314285714285689
      ]
    },
    "csb_org_crossrepo_tracing": {
      "n": 22,
      "mean": 0.0514,
      "ci95": [
        -0.004018181818181809,
        0.1406939393939394
      ]
    },
    "csb_org_domain": {
      "n": 20,
      "mean": -0.01652333333333334,
      "ci95": [
        -0.05229166666666668,
        0.020853333333333324
      ]
    },
    "csb_org_incident": {
      "n": 20,
      "mean": 0.11251,
      "ci95": [
        0.02462166666666666,
        0.23049833333333333
      ]
    },
    "csb_org_migration": {
      "n": 26,
      "mean": 0.03808782051282053,
      "ci95": [
        -0.008658333333333317,
        0.10059038461538462
      ]
    },
    "csb_org_onboarding": {
      "n": 28,
      "mean": 0.008305357142857146,
      "ci95": [
        -0.050334523809523815,
        0.07817321428571429
      ]
    },
    "csb_org_org": {
      "n": 15,
      "mean": 0.0568088888888889,
      "ci95": [
        -0.00670888888888887,
        0.11804444444444445
      ]
    },
    "csb_org_platform": {
      "n": 18,
      "mean": -0.02871481481481483,
      "ci95": [
        -0.08001851851851854,
        0.011316666666666654
      ]
    },
    "csb_org_security": {
      "n": 24,
      "mean": 0.10570555555555557,
      "ci95": [
        0.02496736111111111,
        0.2102277777777778
      ]
    },
    "csb_sdlc_debug": {
      "n": 18,
      "mean": -0.037222222222222226,
      "ci95": [
        -0.09092592592592592,
        0.02999999999999999
      ]
    },
    "csb_sdlc_design": {
      "n": 14,
      "mean": 0.05137290249433107,
      "ci95": [
        -0.1050613378684807,
        0.21310861678004533
      ]
    },
    "csb_sdlc_document": {
      "n": 13,
      "mean": 0.041538461538461524,
      "ci95": [
        -0.003846153846153858,
        0.08999999999999998
      ]
    },
    "csb_sdlc_feature": {
      "n": 23,
      "mean": 0.013019323671497577,
      "ci95": [
        -0.1134057971014493,
        0.16041062801932365
      ]
    },
    "csb_sdlc_fix": {
      "n": 26,
      "mean": 0.0986363247863248,
      "ci95": [
        0.016485470085470084,
        0.19674786324786323
      ]
    },
    "csb_sdlc_refactor": {
      "n": 16,
      "mean": 0.10291666666666664,
      "ci95": [
        -0.15187500000000004,
        0.34249999999999997
      ]
    },
    "csb_sdlc_secure": {
      "n": 12,
      "mean": -0.05000000000000001,
      "ci95": [
        -0.11666666666666668,
        0.010416666666666663
      ]
    },
    "csb_sdlc_test": {
      "n": 18,
      "mean": -0.011296296296296306,
      "ci95": [
        -0.09722222222222227,
        0.08314814814814814
      ]
    },
    "csb_sdlc_understand": {
      "n": 10,
      "mean": 0.11483000000000002,
      "ci95": [
        -0.0415,
        0.31466000000000005
      ]
    }
  }
}