{
  "generated_at": "2026-03-07T20:32:44.557353+00:00",
  "source": "runs/official/_raw",
  "canonical_pairing_rule": "latest valid per side per (model, task_id); one pair per task",
  "sensitivity_pairing_rule": "count-matched per (model, task_id), newest-first within side",
  "valid_filter": "output_tokens > 0 and agent_execution_seconds >= 10",
  "size_binning": "cloc-derived repository LOC bands: <400K, 400K-2M, 2M-8M, 8M-40M, >40M",
  "records_scanned": 7811,
  "latest_task": {
    "all_pairs": {
      "pair_count": 529,
      "model_summary": {
        "haiku": {
          "pairs": 419,
          "baseline_total_cost_usd": 180.03875079999995,
          "mcp_total_cost_usd": 205.77169269999996,
          "baseline_avg_cost_usd": 0.4296867560859187,
          "mcp_avg_cost_usd": 0.49110189188544145,
          "delta_cost_usd": 25.732941900000014,
          "pct_delta_cost_of_means": 14.293001804142724,
          "input_ratio_mcp_over_baseline": 0.7827274189009928
        },
        "sonnet": {
          "pairs": 9,
          "baseline_total_cost_usd": 13.347442450000003,
          "mcp_total_cost_usd": 12.55560455,
          "baseline_avg_cost_usd": 1.4830491611111114,
          "mcp_avg_cost_usd": 1.3950671722222223,
          "delta_cost_usd": -0.7918379000000026,
          "pct_delta_cost_of_means": -5.932506567953045,
          "input_ratio_mcp_over_baseline": 0.24737631184407796
        },
        "opus": {
          "pairs": 101,
          "baseline_total_cost_usd": 5653.10658165,
          "mcp_total_cost_usd": 9119.033584250004,
          "baseline_avg_cost_usd": 55.97135229356436,
          "mcp_avg_cost_usd": 90.28746123019806,
          "delta_cost_usd": 3465.927002600004,
          "pct_delta_cost_of_means": 61.3101301477388,
          "input_ratio_mcp_over_baseline": 1.2365269473317915
        }
      },
      "size_summary": {
        "haiku_by_repo_loc": {
          "2M-8M": {
            "pairs": 128,
            "baseline_avg_cost_usd": 0.5787916351562499,
            "mcp_avg_cost_usd": 0.6004269031249997,
            "delta_avg_cost_usd": 0.021635267968749816,
            "pct_delta_cost_of_means": 3.738006331572019
          },
          "400K-2M": {
            "pairs": 169,
            "baseline_avg_cost_usd": 0.4197563322485207,
            "mcp_avg_cost_usd": 0.5288790772189349,
            "delta_avg_cost_usd": 0.10912274497041424,
            "pct_delta_cost_of_means": 25.99668821810819
          },
          "8M-40M": {
            "pairs": 47,
            "baseline_avg_cost_usd": 0.21458983085106384,
            "mcp_avg_cost_usd": 0.21303016489361695,
            "delta_avg_cost_usd": -0.0015596659574468885,
            "pct_delta_cost_of_means": -0.7268126132823904
          },
          "<400K": {
            "pairs": 50,
            "baseline_avg_cost_usd": 0.3829342310000001,
            "mcp_avg_cost_usd": 0.433756043,
            "delta_avg_cost_usd": 0.05082181199999987,
            "pct_delta_cost_of_means": 13.271681632452403
          },
          ">40M": {
            "pairs": 3,
            "baseline_avg_cost_usd": 0.12062106666666668,
            "mcp_avg_cost_usd": 0.11499105,
            "delta_avg_cost_usd": -0.005630016666666682,
            "pct_delta_cost_of_means": -4.667523528228356
          },
          "unknown": {
            "pairs": 22,
            "baseline_avg_cost_usd": 0.2463774795454545,
            "mcp_avg_cost_usd": 0.34051327272727266,
            "delta_avg_cost_usd": 0.09413579318181817,
            "pct_delta_cost_of_means": 38.20795364718022
          }
        }
      }
    },
    "valid_only": {
      "pair_count": 524,
      "model_summary": {
        "haiku": {
          "pairs": 419,
          "baseline_total_cost_usd": 293.48133290000004,
          "mcp_total_cost_usd": 208.49668099999997,
          "baseline_avg_cost_usd": 0.7004327754176612,
          "mcp_avg_cost_usd": 0.49760544391408107,
          "delta_cost_usd": -84.98465190000007,
          "pct_delta_cost_of_means": -28.95743012348847,
          "input_ratio_mcp_over_baseline": 0.3403802870498401
        },
        "sonnet": {
          "pairs": 9,
          "baseline_total_cost_usd": 13.347442450000003,
          "mcp_total_cost_usd": 12.55560455,
          "baseline_avg_cost_usd": 1.4830491611111114,
          "mcp_avg_cost_usd": 1.3950671722222223,
          "delta_cost_usd": -0.7918379000000026,
          "pct_delta_cost_of_means": -5.932506567953045,
          "input_ratio_mcp_over_baseline": 0.24737631184407796
        },
        "opus": {
          "pairs": 96,
          "baseline_total_cost_usd": 5654.35168975,
          "mcp_total_cost_usd": 9109.592586400004,
          "baseline_avg_cost_usd": 58.89949676822917,
          "mcp_avg_cost_usd": 94.89158944166671,
          "delta_cost_usd": 3455.2408966500034,
          "pct_delta_cost_of_means": 61.1076403845473,
          "input_ratio_mcp_over_baseline": 1.2363819844806747
        }
      },
      "size_summary": {
        "haiku_by_repo_loc": {
          "2M-8M": {
            "pairs": 128,
            "baseline_avg_cost_usd": 1.4420398644531245,
            "mcp_avg_cost_usd": 0.6036397246093748,
            "delta_avg_cost_usd": -0.8384001398437497,
            "pct_delta_cost_of_means": -58.13987258678889
          },
          "400K-2M": {
            "pairs": 169,
            "baseline_avg_cost_usd": 0.426401174852071,
            "mcp_avg_cost_usd": 0.5288790772189349,
            "delta_avg_cost_usd": 0.1024779023668639,
            "pct_delta_cost_of_means": 24.033212948443673
          },
          "8M-40M": {
            "pairs": 47,
            "baseline_avg_cost_usd": 0.2288316670212766,
            "mcp_avg_cost_usd": 0.2301980170212765,
            "delta_avg_cost_usd": 0.0013663499999998921,
            "pct_delta_cost_of_means": 0.5970983027767884
          },
          "<400K": {
            "pairs": 50,
            "baseline_avg_cost_usd": 0.40602351200000014,
            "mcp_avg_cost_usd": 0.46389320500000003,
            "delta_avg_cost_usd": 0.05786969299999988,
            "pct_delta_cost_of_means": 14.252793567284815
          },
          ">40M": {
            "pairs": 3,
            "baseline_avg_cost_usd": 0.12062106666666668,
            "mcp_avg_cost_usd": 0.11499105,
            "delta_avg_cost_usd": -0.005630016666666682,
            "pct_delta_cost_of_means": -4.667523528228356
          },
          "unknown": {
            "pairs": 22,
            "baseline_avg_cost_usd": 0.2463774795454545,
            "mcp_avg_cost_usd": 0.34051327272727266,
            "delta_avg_cost_usd": 0.09413579318181817,
            "pct_delta_cost_of_means": 38.20795364718022
          }
        }
      }
    }
  },
  "count_matched": {
    "all_pairs": {
      "pair_count": 3438,
      "model_summary": {
        "haiku": {
          "pairs": 3323,
          "baseline_total_cost_usd": 1842.7831635000025,
          "mcp_total_cost_usd": 1433.3641013999982,
          "baseline_avg_cost_usd": 0.5545540666566363,
          "mcp_avg_cost_usd": 0.4313464042732465,
          "delta_cost_usd": -409.41906210000434,
          "pct_delta_cost_of_means": -22.217430146387585,
          "input_ratio_mcp_over_baseline": 0.5989598956815296
        },
        "sonnet": {
          "pairs": 9,
          "baseline_total_cost_usd": 13.347442450000003,
          "mcp_total_cost_usd": 12.55560455,
          "baseline_avg_cost_usd": 1.4830491611111114,
          "mcp_avg_cost_usd": 1.3950671722222223,
          "delta_cost_usd": -0.7918379000000026,
          "pct_delta_cost_of_means": -5.932506567953045,
          "input_ratio_mcp_over_baseline": 0.24737631184407796
        },
        "opus": {
          "pairs": 106,
          "baseline_total_cost_usd": 5964.47455875,
          "mcp_total_cost_usd": 9588.241008750003,
          "baseline_avg_cost_usd": 56.26862791273585,
          "mcp_avg_cost_usd": 90.4551038561321,